{
  "auc": 0.7158286880669285,
  "accuracy": 0.8903150525087514,
  "evaluation_time": 10.283405065536499
}